,precision,recall,f1-score,support
AD,0.7311827956989247,0.8831168831168831,0.7999999999999999,77.0
ASS,0.5,0.23529411764705882,0.31999999999999995,17.0
HP,0.25,0.15789473684210525,0.1935483870967742,19.0
accuracy,0.6637168141592921,0.6637168141592921,0.6637168141592921,0.6637168141592921
macro avg,0.49372759856630827,0.42543524586868237,0.43784946236559136,113.0
weighted avg,0.6154962413169665,0.6637168141592921,0.6258178703968026,113.0
